2017-03-14,14:30,11189
2017-03-14,14:45,11188
2017-03-14,15:00,11188
2017-03-14,15:15,11188
2017-03-14,15:30,11194
2017-03-14,15:45,11199
2017-03-14,16:00,11199
2017-03-14,16:15,11202
2017-03-14,16:30,11207
2017-03-14,16:45,11208
2017-03-14,17:00,11210
2017-03-14,17:15,11211
2017-03-14,17:30,11214
2017-03-14,17:45,11217
2017-03-14,18:00,11220
2017-03-14,18:15,11221
2017-03-14,18:30,11221
2017-03-14,18:45,11227
2017-03-14,19:00,11230
2017-03-14,19:15,11232
2017-03-14,19:30,11236
2017-03-14,19:45,11238
2017-03-14,20:00,11243
2017-03-14,20:15,11248
2017-03-14,20:30,11250
2017-03-14,20:45,11256
2017-03-14,21:00,11261
2017-03-14,21:15,11262
2017-03-14,21:30,11262
2017-03-14,21:45,11263
2017-03-14,22:00,11265
2017-03-14,22:15,11264
2017-03-14,22:30,11264
2017-03-14,22:45,11266
2017-03-14,23:00,11267
2017-03-14,23:15,11267
2017-03-14,23:30,11267
2017-03-14,23:45,11268
2017-03-15,00:00,11267
2017-03-15,00:15,11267
2017-03-15,00:30,11267
2017-03-15,00:45,11267
2017-03-15,01:00,11265
2017-03-15,01:15,11266
2017-03-15,01:30,11266
2017-03-15,01:45,11266
2017-03-15,02:00,11266
2017-03-15,02:15,11266
2017-03-15,02:30,11266
2017-03-15,02:45,11266
2017-03-15,03:00,11266
2017-03-15,03:15,11266
2017-03-15,03:30,11266
2017-03-15,03:45,11266
2017-03-15,04:00,11266
2017-03-15,04:15,11266
2017-03-15,04:30,11266
2017-03-15,04:45,11266
2017-03-15,05:00,11266
2017-03-15,05:15,11266
2017-03-15,05:30,11266
2017-03-15,05:45,11266
2017-03-15,06:00,11266
2017-03-15,06:15,11266
2017-03-15,06:30,11267
2017-03-15,06:45,11269
2017-03-15,07:00,11271
2017-03-15,07:15,11274
2017-03-15,07:30,11274
2017-03-15,07:45,11275
2017-03-15,08:00,11275
2017-03-15,08:15,11275
2017-03-15,08:30,11275
2017-03-15,08:45,11275
2017-03-15,09:00,11274
2017-03-15,09:15,11275
2017-03-15,09:30,11275
2017-03-15,09:45,11275
2017-03-15,10:00,11275
2017-03-15,10:15,11275
2017-03-15,10:30,11275
2017-03-15,10:45,11275
2017-03-15,11:00,11276
2017-03-15,11:15,11278
2017-03-15,11:30,11278
2017-03-15,11:45,11278
2017-03-15,12:00,11278
2017-03-15,12:15,11278
2017-03-15,12:30,11280
2017-03-15,12:45,11280
2017-03-15,13:00,11280
2017-03-15,13:15,11276
2017-03-15,13:30,11278
2017-03-15,13:45,11280
2017-03-15,14:00,11279
2017-03-15,14:15,11281
2017-03-15,14:30,11282
2017-03-15,14:45,11283
2017-03-15,15:00,11283
2017-03-15,15:15,11283
2017-03-15,15:30,11285
2017-03-15,15:45,11292
2017-03-15,16:00,11297
2017-03-15,16:15,11304
2017-03-15,16:30,11305
2017-03-15,16:45,11312
2017-03-15,17:00,11315
2017-03-15,17:15,11316
2017-03-15,17:30,11319
2017-03-15,17:45,11323
2017-03-15,18:00,11325
2017-03-15,18:15,11325
2017-03-15,18:30,11329
2017-03-15,18:45,11332
2017-03-15,19:00,11336
2017-03-15,19:15,11341
2017-03-15,19:30,11348
2017-03-15,19:45,11353
2017-03-15,20:00,11367
2017-03-15,20:15,11377
2017-03-15,20:30,11380
2017-03-15,20:45,11386
2017-03-15,21:00,11395
2017-03-15,21:15,11399
2017-03-15,21:30,11404
2017-03-15,21:45,11407
2017-03-15,22:00,11410
2017-03-15,22:15,11413
2017-03-15,22:30,11414
2017-03-15,22:45,11416
2017-03-15,23:00,11418
2017-03-15,23:15,11419
2017-03-15,23:30,11421
2017-03-15,23:45,11421
2017-03-16,00:00,11421
2017-03-16,00:15,11422
2017-03-16,00:30,11423
2017-03-16,00:45,11424
2017-03-16,01:00,11424
2017-03-16,01:15,11425
2017-03-16,01:30,11426
2017-03-16,01:45,11426
2017-03-16,02:00,11426
2017-03-16,02:15,11427
2017-03-16,02:30,11427
2017-03-16,02:45,11427
2017-03-16,03:00,11428
2017-03-16,03:15,11428
2017-03-16,03:30,11429
2017-03-16,03:45,11430
2017-03-16,04:00,11431
2017-03-16,04:15,11431
2017-03-16,04:30,11431
2017-03-16,04:45,11431
2017-03-16,05:00,11430
2017-03-16,05:15,11430
2017-03-16,05:30,11430
2017-03-16,05:45,11431
2017-03-16,06:00,11431
2017-03-16,06:15,11430
2017-03-16,06:30,11430
2017-03-16,06:45,11432
2017-03-16,07:00,11434
2017-03-16,07:15,11436
2017-03-16,07:30,11437
2017-03-16,07:45,11438
2017-03-16,08:00,11438
2017-03-16,08:15,11439
2017-03-16,08:30,11439
2017-03-16,08:45,11440
2017-03-16,09:00,11440
2017-03-16,09:15,11440
2017-03-16,09:30,11440
2017-03-16,09:45,11440
2017-03-16,10:00,11440
2017-03-16,10:15,11442
2017-03-16,10:30,11443
2017-03-16,10:45,11448
2017-03-16,11:00,11457
2017-03-16,11:15,11459
2017-03-16,11:30,11462
2017-03-16,11:45,11462
2017-03-16,12:00,11466
2017-03-16,12:15,11469
2017-03-16,12:30,11475
2017-03-16,12:45,11477
2017-03-16,13:00,11482
2017-03-16,13:15,11488
2017-03-16,13:30,11490
2017-03-16,13:45,11501
2017-03-16,14:00,11512
2017-03-16,14:15,11521
2017-03-16,14:30,11526
2017-03-16,14:45,11534
2017-03-16,15:00,11543
2017-03-16,15:15,11547
2017-03-16,15:30,11549
2017-03-16,15:45,11555
2017-03-16,16:00,11561
2017-03-16,16:15,11570
2017-03-16,16:30,11581
2017-03-16,16:45,11587
2017-03-16,17:00,11593
2017-03-16,17:15,11599
2017-03-16,17:30,11614
2017-03-16,17:45,11617
2017-03-16,18:00,11626
2017-03-16,18:15,11629
2017-03-16,18:30,11636
2017-03-16,18:45,11642
2017-03-16,19:00,11646
2017-03-16,19:15,11650
2017-03-16,19:30,11656
2017-03-16,19:45,11657
2017-03-16,20:00,11663
2017-03-16,20:15,11667
2017-03-16,20:30,11670
2017-03-16,20:45,11677
2017-03-16,21:00,11684
2017-03-16,21:15,11698
2017-03-16,21:30,11713
2017-03-16,21:45,11721
2017-03-16,22:00,11749
2017-03-16,22:15,11762
2017-03-16,22:30,11777
2017-03-16,22:45,11789
2017-03-16,23:00,11793
2017-03-16,23:15,11803
2017-03-16,23:30,11808
2017-03-16,23:45,11815
2017-03-17,00:00,11821
2017-03-17,00:15,11823
2017-03-17,00:30,11825
2017-03-17,00:45,11829
2017-03-17,01:00,11830
2017-03-17,01:15,11831
2017-03-17,01:30,11833
2017-03-17,01:45,11833
2017-03-17,02:00,11834
2017-03-17,02:15,11835
2017-03-17,02:30,11835
2017-03-17,02:45,11836
2017-03-17,03:00,11837
2017-03-17,03:15,11837
2017-03-17,03:30,11838
2017-03-17,03:45,11838
2017-03-17,04:00,11838
2017-03-17,04:15,11838
2017-03-17,04:30,11838
2017-03-17,04:45,11838
2017-03-17,05:00,11838
2017-03-17,05:15,11838
2017-03-17,05:30,11839
2017-03-17,05:45,11839
2017-03-17,06:00,11840
2017-03-17,06:15,11843
2017-03-17,06:30,11846
2017-03-17,06:45,11849
2017-03-17,07:00,11851
2017-03-17,07:15,11855
2017-03-17,07:30,11854
2017-03-17,07:45,11855
2017-03-17,08:00,11859
2017-03-17,08:15,11858
2017-03-17,08:30,11859
2017-03-17,08:45,11860
2017-03-17,09:00,11863
2017-03-17,09:15,11865
2017-03-17,09:30,11866
2017-03-17,09:45,11867
2017-03-17,10:00,11870
2017-03-17,10:15,11870
2017-03-17,10:30,11870
2017-03-17,10:45,11872
2017-03-17,11:00,11874
2017-03-17,11:15,11877
2017-03-17,11:30,11877
2017-03-17,11:45,11879
2017-03-17,12:00,11878
2017-03-17,12:15,11880
2017-03-17,12:30,11884
2017-03-17,12:45,11885
2017-03-17,13:00,11891
2017-03-17,13:15,11898
2017-03-17,13:30,11900
2017-03-17,13:45,11901
2017-03-17,14:00,11904
2017-03-17,14:15,11916
2017-03-17,14:30,11918
2017-03-17,14:45,11923
2017-03-17,15:00,11929
2017-03-17,15:15,11934
2017-03-17,15:30,11943
2017-03-17,15:45,11944
2017-03-17,16:00,11952
2017-03-17,16:15,11958
2017-03-17,16:30,11962
2017-03-17,16:45,11963
2017-03-17,17:00,11966
2017-03-17,17:15,11965
2017-03-17,17:30,11972
2017-03-17,17:45,11980
2017-03-17,18:00,11987
2017-03-17,18:15,11990
2017-03-17,18:30,11996
2017-03-17,18:45,11999
2017-03-17,19:00,12003
2017-03-17,19:15,12009
2017-03-17,19:30,12019
2017-03-17,19:45,12036
2017-03-17,20:00,12037
2017-03-17,20:15,12041
2017-03-17,20:30,12045
2017-03-17,20:45,12055
2017-03-17,21:00,12059
2017-03-17,21:15,12062
2017-03-17,21:30,12066
2017-03-17,21:45,12072
2017-03-17,22:00,12080
2017-03-17,22:15,12084
2017-03-17,22:30,12090
2017-03-17,22:45,12097
2017-03-17,23:00,12099
2017-03-17,23:15,12100
2017-03-17,23:30,12105
2017-03-17,23:45,12107
2017-03-18,00:00,12108
2017-03-18,00:15,12110
2017-03-18,00:30,12112
2017-03-18,00:45,12115
2017-03-18,01:00,12115
2017-03-18,01:15,12115
2017-03-18,01:30,12113
2017-03-18,01:45,12112
2017-03-18,02:00,12112
2017-03-18,02:15,12112
2017-03-18,02:30,12113
2017-03-18,02:45,12113
2017-03-18,03:00,12113
2017-03-18,03:15,12114
2017-03-18,03:30,12114
2017-03-18,03:45,12115
2017-03-18,04:00,12115
2017-03-18,04:15,12115
2017-03-18,04:30,12115
2017-03-18,04:45,12115
2017-03-18,05:00,12115
2017-03-18,05:15,12115
2017-03-18,05:30,12115
2017-03-18,05:45,12115
2017-03-18,06:00,12115
2017-03-18,06:15,12115
2017-03-18,06:30,12115
2017-03-18,06:45,12115
2017-03-18,07:00,12119
2017-03-18,07:15,12121
2017-03-18,07:30,12122
2017-03-18,07:45,12121
2017-03-18,08:00,12124
2017-03-18,08:15,12123
2017-03-18,08:30,12124
2017-03-18,08:45,12127
2017-03-18,09:00,12132
2017-03-18,09:15,12135
2017-03-18,09:30,12136
2017-03-18,09:45,12138
2017-03-18,10:00,12142
2017-03-18,10:15,12146
2017-03-18,10:30,12151
2017-03-18,10:45,12152
2017-03-18,11:00,12153
2017-03-18,11:15,12155
2017-03-18,11:30,12156
2017-03-18,11:45,12158
2017-03-18,12:00,12160
2017-03-18,12:15,12163
2017-03-18,12:30,12168
2017-03-18,12:45,12169
2017-03-18,13:00,12171
2017-03-18,13:15,12173
2017-03-18,13:30,12173
2017-03-18,13:45,12176
2017-03-18,14:00,12182
2017-03-18,14:15,12183
2017-03-18,14:30,12186
2017-03-18,14:45,12187
2017-03-18,15:00,12187
2017-03-18,15:15,12188
2017-03-18,15:30,12189
2017-03-18,15:45,12194
2017-03-18,16:00,12196
2017-03-18,16:15,12197
2017-03-18,16:30,12197
2017-03-18,16:45,12202
2017-03-18,17:00,12209
2017-03-18,17:15,12212
2017-03-18,17:30,12213
2017-03-18,17:45,12220
2017-03-18,18:00,12225
2017-03-18,18:15,12226
2017-03-18,18:30,12227
2017-03-18,18:45,12236
2017-03-18,19:00,12250
2017-03-18,19:15,12260
2017-03-18,19:30,12270
2017-03-18,19:45,12279
2017-03-18,20:00,12284
2017-03-18,20:15,12288
2017-03-18,20:30,12299
2017-03-18,20:45,12302
2017-03-18,21:00,12313
2017-03-18,21:15,12320
2017-03-18,21:30,12326
2017-03-18,21:45,12331
2017-03-18,22:00,12336
2017-03-18,22:15,12343
2017-03-18,22:30,12350
2017-03-18,22:45,12359
2017-03-18,23:00,12363
2017-03-18,23:15,12366
2017-03-18,23:30,12370
2017-03-18,23:45,12373
2017-03-19,00:00,12377
2017-03-19,00:15,12378
2017-03-19,00:30,12380
2017-03-19,00:45,12382
2017-03-19,01:00,12382
2017-03-19,01:15,12382
2017-03-19,01:30,12383
2017-03-19,01:45,12383
2017-03-19,02:00,12384
2017-03-19,02:15,12384
2017-03-19,02:30,12384
2017-03-19,02:45,12384
2017-03-19,03:00,12383
2017-03-19,03:15,12383
2017-03-19,03:30,12383
2017-03-19,03:45,12383
2017-03-19,04:00,12384
2017-03-19,04:15,12385
2017-03-19,04:30,12388
2017-03-19,04:45,12388
2017-03-19,05:00,12388
2017-03-19,05:15,12388
2017-03-19,05:30,12388
2017-03-19,05:45,12388
2017-03-19,06:00,12388
2017-03-19,06:15,12388
2017-03-19,06:30,12388
2017-03-19,06:45,12389
2017-03-19,07:00,12389
2017-03-19,07:15,12389
2017-03-19,07:30,12389
2017-03-19,07:45,12390
2017-03-19,08:00,12391
2017-03-19,08:15,12395
2017-03-19,08:30,12399
2017-03-19,08:45,12399
2017-03-19,09:00,12400
2017-03-19,09:15,12405
2017-03-19,09:30,12406
2017-03-19,09:45,12408
2017-03-19,10:00,12410
2017-03-19,10:15,12412
2017-03-19,10:30,12415
2017-03-19,10:45,12417
2017-03-19,11:00,12421
2017-03-19,11:15,12425
2017-03-19,11:30,12427
2017-03-19,11:45,12429
2017-03-19,12:00,12432
2017-03-19,12:15,12434
2017-03-19,12:30,12435
2017-03-19,12:45,12436
2017-03-19,13:00,12438
2017-03-19,13:15,12444
2017-03-19,13:30,12446
2017-03-19,13:45,12449
2017-03-19,14:00,12451
2017-03-19,14:15,12452
2017-03-19,14:30,12455
2017-03-19,14:45,12460
2017-03-19,15:00,12461
2017-03-19,15:15,12463
2017-03-19,15:30,12465
2017-03-19,15:45,12463
2017-03-19,16:00,12467
2017-03-19,16:15,12469
2017-03-19,16:30,12471
2017-03-19,16:45,12475
2017-03-19,17:00,12480
2017-03-19,17:15,12486
2017-03-19,17:30,12490
2017-03-19,17:45,12494
2017-03-19,18:00,12497
2017-03-19,18:15,12501
2017-03-19,18:30,12505
2017-03-19,18:45,12509
2017-03-19,19:00,12511
2017-03-19,19:15,12516
2017-03-19,19:30,12519
2017-03-19,19:45,12522
2017-03-19,20:00,12524
2017-03-19,20:15,12520
2017-03-19,20:30,12526
2017-03-19,20:45,12532
2017-03-19,21:00,12536
2017-03-19,21:15,12539
2017-03-19,21:30,12540
2017-03-19,21:45,12544
2017-03-19,22:00,12546
2017-03-19,22:15,12547
2017-03-19,22:30,12548
2017-03-19,22:45,12546
2017-03-19,23:00,12547
2017-03-19,23:15,12549
2017-03-19,23:30,12549
2017-03-19,23:45,12550
2017-03-20,00:00,12552
2017-03-20,00:15,12553
2017-03-20,00:30,12553
2017-03-20,00:45,12555
2017-03-20,01:00,12554
2017-03-20,01:15,12554
2017-03-20,01:30,12551
2017-03-20,01:45,12551
2017-03-20,02:00,12551
2017-03-20,02:15,12553
2017-03-20,02:30,12553
2017-03-20,02:45,12553
2017-03-20,03:00,12552
2017-03-20,03:15,12552
2017-03-20,03:30,12552
2017-03-20,03:45,12552
2017-03-20,04:00,12552
2017-03-20,04:15,12552
2017-03-20,04:30,12552
2017-03-20,04:45,12552
2017-03-20,05:00,12552
2017-03-20,05:15,12552
2017-03-20,05:30,12553
2017-03-20,05:45,12553
2017-03-20,06:00,12553
2017-03-20,06:15,12554
2017-03-20,06:30,12554
2017-03-20,06:45,12555
2017-03-20,07:00,12555
2017-03-20,07:15,12556
2017-03-20,07:30,12555
2017-03-20,07:45,12555
2017-03-20,08:00,12556
2017-03-20,08:15,12557
2017-03-20,08:30,12558
2017-03-20,08:45,12558
2017-03-20,09:00,12558
2017-03-20,09:15,12558
2017-03-20,09:30,12559
2017-03-20,09:45,12560
2017-03-20,10:00,12560
2017-03-20,10:15,12560
2017-03-20,10:30,12560
2017-03-20,10:45,12560
2017-03-20,11:00,12559
2017-03-20,11:15,12559
2017-03-20,11:30,12561
2017-03-20,11:45,12563
2017-03-20,12:00,12563
2017-03-20,12:15,12565
2017-03-20,12:30,12565
2017-03-20,12:45,12565
2017-03-20,13:00,12567
2017-03-20,13:15,12567
2017-03-20,13:30,12569
2017-03-20,13:45,12569
2017-03-20,14:00,12573
2017-03-20,14:15,12575
2017-03-20,14:30,12579
2017-03-20,14:45,12580
2017-03-20,15:00,12581
2017-03-20,15:15,12581
2017-03-20,15:30,12583
2017-03-20,15:45,12581
2017-03-20,16:00,12584
2017-03-20,16:15,12587
2017-03-20,16:30,12589
2017-03-20,16:45,12592
2017-03-20,17:00,12593
2017-03-20,17:15,12595
2017-03-20,17:30,12597
2017-03-20,17:45,12603
2017-03-20,18:00,12608
2017-03-20,18:15,12611
2017-03-20,18:30,12611
2017-03-20,18:45,12611
2017-03-20,19:00,12611
2017-03-20,19:15,12612
2017-03-20,19:30,12616
2017-03-20,19:45,12621
2017-03-20,20:00,12622
2017-03-20,20:15,12624
2017-03-20,20:30,12628
2017-03-20,20:45,12632
2017-03-20,21:00,12635
2017-03-20,21:15,12636
2017-03-20,21:30,12639
2017-03-20,21:45,12639
2017-03-20,22:00,12642
2017-03-20,22:15,12644
2017-03-20,22:30,12646
2017-03-20,22:45,12645
2017-03-20,23:00,12643
2017-03-20,23:15,12643
2017-03-20,23:30,12642
2017-03-20,23:45,12642
2017-03-21,00:00,12643
2017-03-21,00:15,12643
2017-03-21,00:30,12642
2017-03-21,00:45,12642
2017-03-21,01:00,12643
2017-03-21,01:15,12643
2017-03-21,01:30,12643
2017-03-21,01:45,12644
2017-03-21,02:00,12645
2017-03-21,02:15,12645
2017-03-21,02:30,12645
2017-03-21,02:45,12645
2017-03-21,03:00,12644
2017-03-21,03:15,12644
2017-03-21,03:30,12644
2017-03-21,03:45,12643
2017-03-21,04:00,12643
2017-03-21,04:15,12644
2017-03-21,04:30,12644
2017-03-21,04:45,12644
2017-03-21,05:00,12645
2017-03-21,05:15,12645
2017-03-21,05:30,12645
2017-03-21,05:45,12645
2017-03-21,06:00,12646
2017-03-21,06:15,12646
2017-03-21,06:30,12645
2017-03-21,06:45,12645
2017-03-21,07:00,12647
2017-03-21,07:15,12647
2017-03-21,07:30,12649
2017-03-21,07:45,12649
2017-03-21,08:00,12651
2017-03-21,08:15,12651
2017-03-21,08:30,12652
2017-03-21,08:45,12652
2017-03-21,09:00,12652
2017-03-21,09:15,12652
2017-03-21,09:30,12651
2017-03-21,09:45,12650
2017-03-21,10:00,12650
2017-03-21,10:15,12650
2017-03-21,10:30,12652
2017-03-21,10:45,12651
2017-03-21,11:00,12653
2017-03-21,11:15,12651
2017-03-21,11:30,12651
2017-03-21,11:45,12651
2017-03-21,12:00,12651
2017-03-21,12:15,12650
2017-03-21,12:30,12650
2017-03-21,12:45,12649
2017-03-21,13:00,12648
2017-03-21,13:15,12648
2017-03-21,13:30,12648
2017-03-21,13:45,12649
2017-03-21,14:00,12649
2017-03-21,14:15,12651
2017-03-21,14:30,12652
2017-03-21,14:45,12652
2017-03-21,15:00,12654
2017-03-21,15:15,12654
2017-03-21,15:30,12654
2017-03-21,15:45,12657
2017-03-21,16:00,12661
2017-03-21,16:15,12664
2017-03-21,16:30,12669
2017-03-21,16:45,12672
2017-03-21,17:00,12672
2017-03-21,17:15,12675
2017-03-21,17:30,12677
2017-03-21,17:45,12679
2017-03-21,18:00,12681
2017-03-21,18:15,12683
2017-03-21,18:30,12684
2017-03-21,18:45,12686
2017-03-21,19:00,12685
2017-03-21,19:15,12689
2017-03-21,19:30,12691
2017-03-21,19:45,12694
2017-03-21,20:00,12696
2017-03-21,20:15,12696
2017-03-21,20:30,12696
2017-03-21,20:45,12700
2017-03-21,21:00,12702
2017-03-21,21:15,12705
2017-03-21,21:30,12713
2017-03-21,21:45,12713
2017-03-21,22:00,12712
2017-03-21,22:15,12715
2017-03-21,22:30,12716
2017-03-21,22:45,12715
2017-03-21,23:00,12715
2017-03-21,23:15,12717
2017-03-21,23:30,12718
2017-03-21,23:45,12717
2017-03-22,00:00,12716
2017-03-22,00:15,12716
2017-03-22,00:30,12716
2017-03-22,00:45,12716
2017-03-22,01:00,12717
2017-03-22,01:15,12717
2017-03-22,01:30,12717
2017-03-22,01:45,12717
2017-03-22,02:00,12717
2017-03-22,02:15,12717
2017-03-22,02:30,12717
2017-03-22,02:45,12717
2017-03-22,03:00,12717
2017-03-22,03:15,12718
2017-03-22,03:30,12719
2017-03-22,03:45,12719
2017-03-22,04:00,12719
2017-03-22,04:15,12719
2017-03-22,04:30,12720
2017-03-22,04:45,12720
2017-03-22,05:00,12720
2017-03-22,05:15,12720
2017-03-22,05:30,12720
2017-03-22,05:45,12720
2017-03-22,06:00,12719
2017-03-22,06:15,12719
2017-03-22,06:30,12719
2017-03-22,06:45,12720
2017-03-22,07:00,12720
2017-03-22,07:15,12721
2017-03-22,07:30,12724
2017-03-22,07:45,12724
2017-03-22,08:00,12724
2017-03-22,08:15,12724
2017-03-22,08:30,12724
2017-03-22,08:45,12723
2017-03-22,09:00,12723
2017-03-22,09:15,12723
2017-03-22,09:30,12723
2017-03-22,09:45,12724
2017-03-22,10:00,12725
2017-03-22,10:15,12725
2017-03-22,10:30,12725
2017-03-22,10:45,12727
2017-03-22,11:00,12727
2017-03-22,11:15,12727
2017-03-22,11:30,12729
2017-03-22,11:45,12728
2017-03-22,12:00,12727
2017-03-22,12:15,12725
2017-03-22,12:30,12726
2017-03-22,12:45,12729
2017-03-22,13:00,12729
2017-03-22,13:15,12729
2017-03-22,13:30,12732
2017-03-22,13:45,12733
2017-03-22,14:00,12734
2017-03-22,14:15,12735
2017-03-22,14:30,12738
2017-03-22,14:45,12740
2017-03-22,15:00,12740
2017-03-22,15:15,12739
2017-03-22,15:30,12741
2017-03-22,15:45,12743
2017-03-22,16:00,12744
2017-03-22,16:15,12746
2017-03-22,16:30,12749
2017-03-22,16:45,12748
2017-03-22,17:00,12748
2017-03-22,17:15,12751
2017-03-22,17:30,12753
2017-03-22,17:45,12755
2017-03-22,18:00,12758
2017-03-22,18:15,12759
2017-03-22,18:30,12761
2017-03-22,18:45,12768
2017-03-22,19:00,12772
2017-03-22,19:15,12783
2017-03-22,19:30,12785
2017-03-22,19:45,12786
2017-03-22,20:00,12788
2017-03-22,20:15,12791
2017-03-22,20:30,12792
2017-03-22,20:45,12792
2017-03-22,21:00,12801
2017-03-22,21:15,12806
2017-03-22,21:30,12807
2017-03-22,21:45,12811
2017-03-22,22:00,12817
2017-03-22,22:15,12819
2017-03-22,22:30,12823
2017-03-22,22:45,12821
2017-03-22,23:00,12825
2017-03-22,23:15,12826
2017-03-22,23:30,12826
2017-03-22,23:45,12827
2017-03-23,00:00,12828
2017-03-23,00:15,12829
2017-03-23,00:30,12830
2017-03-23,00:45,12830
2017-03-23,01:00,12831
2017-03-23,01:15,12832
2017-03-23,01:30,12833
2017-03-23,01:45,12833
2017-03-23,02:00,12833
2017-03-23,02:15,12833
2017-03-23,02:30,12833
2017-03-23,02:45,12833
2017-03-23,03:00,12833
2017-03-23,03:15,12833
2017-03-23,03:30,12835
2017-03-23,03:45,12836
2017-03-23,04:00,12836
2017-03-23,04:15,12836
2017-03-23,04:30,12836
2017-03-23,04:45,12836
2017-03-23,05:00,12836
2017-03-23,05:15,12836
2017-03-23,05:30,12836
2017-03-23,05:45,12837
2017-03-23,06:00,12838
2017-03-23,06:15,12839
2017-03-23,06:30,12839
2017-03-23,06:45,12840
2017-03-23,07:00,12841
2017-03-23,07:15,12843
2017-03-23,07:30,12843
2017-03-23,07:45,12846
2017-03-23,08:00,12846
2017-03-23,08:15,12846
2017-03-23,08:30,12846
2017-03-23,08:45,12846
2017-03-23,09:00,12846
2017-03-23,09:15,12846
2017-03-23,09:30,12846
2017-03-23,09:45,12846
2017-03-23,10:00,12848
2017-03-23,10:15,12849
2017-03-23,10:30,12849
2017-03-23,10:45,12848
2017-03-23,11:00,12850
2017-03-23,11:15,12850
2017-03-23,11:30,12851
2017-03-23,11:45,12853
2017-03-23,12:00,12855
2017-03-23,12:15,12855
2017-03-23,12:30,12857
2017-03-23,12:45,12858
2017-03-23,13:00,12858
2017-03-23,13:15,12859
2017-03-23,13:30,12860
2017-03-23,13:45,12861
2017-03-23,14:00,12861
2017-03-23,14:15,12866
2017-03-23,14:30,12867
2017-03-23,14:45,12872
2017-03-23,15:00,12874
2017-03-23,15:15,12877
2017-03-23,15:30,12880
2017-03-23,15:45,12887
2017-03-23,16:00,12889
2017-03-23,16:15,12893
2017-03-23,16:30,12899
2017-03-23,16:45,12911
2017-03-23,17:00,12917
2017-03-23,17:15,12922
2017-03-23,17:30,12927
2017-03-23,17:45,12933
2017-03-23,18:00,12935
2017-03-23,18:15,12938
2017-03-23,18:30,12942
2017-03-23,18:45,12943
2017-03-23,19:00,12949
2017-03-23,19:15,12952
2017-03-23,19:30,12956
2017-03-23,19:45,12961
2017-03-23,20:00,12962
2017-03-23,20:15,12965
2017-03-23,20:30,12966
2017-03-23,20:45,12978
2017-03-23,21:00,12992
2017-03-23,21:15,13001
2017-03-23,21:30,13013
2017-03-23,21:45,13020
2017-03-23,22:00,13030
2017-03-23,22:15,13048
2017-03-23,22:30,13066
2017-03-23,22:45,13076
2017-03-23,23:00,13083
2017-03-23,23:15,13095
2017-03-23,23:30,13095
2017-03-23,23:45,13101
2017-03-24,00:00,13104
2017-03-24,00:15,13105
2017-03-24,00:30,13107
2017-03-24,00:45,13107
2017-03-24,01:00,13108
2017-03-24,01:30,13105
2017-03-24,01:45,13106
2017-03-24,02:00,13107
2017-03-24,02:15,13108
2017-03-24,02:30,13108
2017-03-24,02:45,13109
2017-03-24,03:00,13109
2017-03-24,03:15,13109
2017-03-24,03:30,13109
2017-03-24,03:45,13109
2017-03-24,04:00,13109
2017-03-24,04:15,13110
2017-03-24,04:30,13109
2017-03-24,04:45,13110
2017-03-24,05:00,13110
2017-03-24,05:15,13110
2017-03-24,05:30,13110
2017-03-24,05:45,13110
2017-03-24,06:00,13111
2017-03-24,06:15,13111
2017-03-24,06:30,13111
2017-03-24,06:45,13115
2017-03-24,07:00,13121
2017-03-24,07:15,13126
2017-03-24,07:30,13129
2017-03-24,07:45,13130
2017-03-24,08:00,13134
2017-03-24,08:15,13137
2017-03-24,08:30,13138
2017-03-24,08:45,13141
2017-03-24,09:00,13142
2017-03-24,09:15,13143
2017-03-24,09:30,13144
2017-03-24,09:45,13144
2017-03-24,10:00,13144
2017-03-24,10:15,13150
2017-03-24,10:30,13152
2017-03-24,10:45,13153
2017-03-24,11:00,13154
2017-03-24,11:15,13154
2017-03-24,11:30,13158
2017-03-24,11:45,13161
2017-03-24,12:00,13161
2017-03-24,12:15,13161
2017-03-24,12:30,13164
2017-03-24,12:45,13166
2017-03-24,13:00,13168
2017-03-24,13:15,13168
2017-03-24,13:30,13169
2017-03-24,13:45,13168
2017-03-24,14:00,13170
2017-03-24,14:15,13176
2017-03-24,14:30,13181
2017-03-24,14:45,13187
2017-03-24,15:00,13188
2017-03-24,15:15,13193
2017-03-24,15:30,13205
2017-03-24,15:45,13210
2017-03-24,16:00,13211
2017-03-24,16:15,13217
2017-03-24,16:30,13224
2017-03-24,16:45,13227
2017-03-24,17:00,13233
2017-03-24,17:15,13236
2017-03-24,17:30,13240
2017-03-24,17:45,13245
2017-03-24,18:00,13250
2017-03-24,18:15,13258
2017-03-24,18:30,13261
2017-03-24,18:45,13261
2017-03-24,19:00,13265
2017-03-24,19:15,13266
2017-03-24,19:30,13268
2017-03-24,19:45,13277
2017-03-24,20:00,13283
2017-03-24,20:15,13288
2017-03-24,20:30,13295
2017-03-24,20:45,13301
2017-03-24,21:00,13299
2017-03-24,21:15,13305
2017-03-24,21:30,13303
2017-03-24,21:45,13310
2017-03-24,22:00,13313
2017-03-24,22:15,13322
2017-03-24,22:30,13324
2017-03-24,22:45,13326
2017-03-24,23:00,13327
2017-03-24,23:15,13329
2017-03-24,23:30,13332
2017-03-24,23:45,13334
2017-03-25,00:00,13335
2017-03-25,00:15,13335
2017-03-25,00:30,13335
2017-03-25,00:45,13335
2017-03-25,01:00,13335
2017-03-25,01:15,13336
2017-03-25,01:30,13336
2017-03-25,01:45,13337
2017-03-25,02:00,13337
2017-03-25,02:15,13337
2017-03-25,02:30,13337
2017-03-25,02:45,13337
2017-03-25,03:00,13338
2017-03-25,03:15,13338
2017-03-25,03:30,13338
2017-03-25,03:45,13338
2017-03-25,04:00,13338
2017-03-25,04:15,13338
2017-03-25,04:30,13338
2017-03-25,04:45,13338
2017-03-25,05:00,13338
2017-03-25,05:15,13338
2017-03-25,05:30,13338
2017-03-25,05:45,13338
2017-03-25,06:00,13337
2017-03-25,06:15,13337
2017-03-25,06:30,13338
2017-03-25,06:45,13337
2017-03-25,07:00,13340
2017-03-25,07:15,13340
2017-03-25,07:30,13341
2017-03-25,07:45,13341
2017-03-25,08:00,13343
2017-03-25,08:15,13345
2017-03-25,08:30,13347
2017-03-25,08:45,13349
2017-03-25,09:00,13352
2017-03-25,09:15,13357
2017-03-25,09:30,13362
2017-03-25,09:45,13363
2017-03-25,10:00,13367
2017-03-25,10:15,13369
2017-03-25,10:30,13368
2017-03-25,10:45,13371
2017-03-25,11:00,13374
2017-03-25,11:15,13376
2017-03-25,11:30,13383
2017-03-25,11:45,13384
2017-03-25,12:00,13387
2017-03-25,12:15,13394
2017-03-25,12:30,13396
2017-03-25,12:45,13398
2017-03-25,13:00,13400
2017-03-25,13:15,13403
2017-03-25,13:30,13405
2017-03-25,13:45,13409
2017-03-25,14:00,13408
2017-03-25,14:15,13412
2017-03-25,14:30,13411
2017-03-25,14:45,13412
2017-03-25,15:00,13413
2017-03-25,15:15,13415
2017-03-25,15:30,13420
2017-03-25,15:45,13421
2017-03-25,16:00,13425
2017-03-25,16:15,13425
2017-03-25,16:30,13427
2017-03-25,16:45,13430
2017-03-25,17:00,13431
2017-03-25,17:15,13432
2017-03-25,17:30,13433
2017-03-25,17:45,13434
2017-03-25,18:00,13436
2017-03-25,18:15,13440
2017-03-25,18:30,13440
2017-03-25,18:45,13444
2017-03-25,19:00,13446
2017-03-25,19:15,13447
2017-03-25,19:30,13447
2017-03-25,19:45,13449
2017-03-25,20:00,13449
2017-03-25,20:15,13459
2017-03-25,20:30,13460
2017-03-25,20:45,13464
2017-03-25,21:00,13469
2017-03-25,21:15,13473
2017-03-25,21:30,13474
2017-03-25,21:45,13479
2017-03-25,22:00,13482
2017-03-25,22:15,13484
2017-03-25,22:30,13485
2017-03-25,22:45,13485
2017-03-25,23:00,13491
2017-03-25,23:15,13492
2017-03-25,23:30,13495
2017-03-25,23:45,13497
2017-03-26,00:00,13498
2017-03-26,00:15,13497
2017-03-26,00:30,13497
2017-03-26,00:45,13499
2017-03-26,01:00,13499
2017-03-26,01:15,13500
2017-03-26,01:30,13501
2017-03-26,01:45,13500
2017-03-26,03:00,13500
2017-03-26,03:15,13500
2017-03-26,03:30,13500
2017-03-26,03:45,13501
2017-03-26,04:00,13501
2017-03-26,04:15,13501
2017-03-26,04:30,13502
2017-03-26,04:45,13502
2017-03-26,05:00,13502
2017-03-26,05:15,13502
2017-03-26,05:30,13501
2017-03-26,05:45,13501
2017-03-26,06:00,13501
2017-03-26,06:15,13501
2017-03-26,06:30,13501
2017-03-26,06:45,13501
2017-03-26,07:00,13501
2017-03-26,07:15,13501
2017-03-26,07:30,13501
2017-03-26,07:45,13501
2017-03-26,08:00,13501
2017-03-26,08:15,13501
2017-03-26,08:30,13502
2017-03-26,08:45,13502
2017-03-26,09:00,13502
2017-03-26,09:15,13502
2017-03-26,09:30,13504
2017-03-26,09:45,13504
2017-03-26,10:00,13503
2017-03-26,10:15,13502
2017-03-26,10:30,13501
2017-03-26,10:45,13501
2017-03-26,11:00,13504
2017-03-26,11:15,13503
2017-03-26,11:30,13507
2017-03-26,11:45,13506
2017-03-26,12:00,13506
2017-03-26,12:15,13508
2017-03-26,12:30,13508
2017-03-26,12:45,13510
2017-03-26,13:00,13510
2017-03-26,13:15,13511
2017-03-26,13:30,13513
2017-03-26,13:45,13514
2017-03-26,14:00,13520
2017-03-26,14:15,13522
2017-03-26,14:30,13521
2017-03-26,14:45,13524
2017-03-26,15:00,13524
2017-03-26,15:15,13525
2017-03-26,15:30,13526
2017-03-26,15:45,13530
2017-03-26,16:00,13530
2017-03-26,16:15,13534
2017-03-26,16:30,13533
2017-03-26,16:45,13532
2017-03-26,17:00,13534
2017-03-26,17:15,13537
2017-03-26,17:30,13538
2017-03-26,17:45,13541
2017-03-26,18:00,13544
2017-03-26,18:15,13546
2017-03-26,18:30,13551
2017-03-26,18:45,13553
2017-03-26,19:00,13555
2017-03-26,19:15,13556
2017-03-26,19:30,13559
2017-03-26,19:45,13562
2017-03-26,20:00,13569
2017-03-26,20:15,13570
2017-03-26,20:30,13570
2017-03-26,20:45,13571
2017-03-26,21:00,13573
2017-03-26,21:15,13578
2017-03-26,21:30,13582
2017-03-26,21:45,13585
2017-03-26,22:00,13587
2017-03-26,22:15,13586
2017-03-26,22:30,13591
2017-03-26,22:45,13593
2017-03-26,23:00,13594
2017-03-26,23:15,13597
2017-03-26,23:30,13598
2017-03-26,23:45,13601
2017-03-27,00:00,13600
2017-03-27,00:15,13600
2017-03-27,00:30,13600
2017-03-27,00:45,13601
2017-03-27,01:00,13600
2017-03-27,01:15,13600
2017-03-27,01:30,13600
2017-03-27,01:45,13600
2017-03-27,02:00,13600
2017-03-27,02:15,13600
2017-03-27,02:30,13600
2017-03-27,02:45,13601
2017-03-27,03:00,13601
2017-03-27,03:15,13600
2017-03-27,03:30,13600
2017-03-27,03:45,13599
2017-03-27,04:00,13599
2017-03-27,04:15,13599
2017-03-27,04:30,13599
2017-03-27,04:45,13598
2017-03-27,05:00,13598
2017-03-27,05:15,13598
2017-03-27,05:30,13598
2017-03-27,05:45,13597
2017-03-27,06:00,13596
2017-03-27,06:15,13596
2017-03-27,06:30,13596
2017-03-27,06:45,13596
2017-03-27,07:00,13596
2017-03-27,07:15,13595
2017-03-27,07:30,13596
2017-03-27,07:45,13596
2017-03-27,08:00,13597
2017-03-27,08:15,13597
2017-03-27,08:30,13597
2017-03-27,08:45,13600
2017-03-27,09:00,13599
2017-03-27,09:15,13600
2017-03-27,09:30,13599
2017-03-27,09:45,13600
2017-03-27,10:00,13602
2017-03-27,10:15,13603
2017-03-27,10:30,13602
2017-03-27,10:45,13602
2017-03-27,11:00,13602
2017-03-27,11:15,13602
2017-03-27,11:30,13599
2017-03-27,11:45,13600
2017-03-27,12:00,13600
2017-03-27,12:15,13599
2017-03-27,12:30,13599
2017-03-27,12:45,13600
2017-03-27,13:00,13600
2017-03-27,13:15,13603
2017-03-27,13:30,13602
2017-03-27,13:45,13603
2017-03-27,14:00,13605
2017-03-27,14:15,13608
2017-03-27,14:30,13610
2017-03-27,14:45,13612
2017-03-27,15:00,13613
2017-03-27,15:15,13616
2017-03-27,15:30,13618
2017-03-27,15:45,13617
2017-03-27,16:00,13618
2017-03-27,16:15,13620
2017-03-27,16:30,13620
2017-03-27,16:45,13620
2017-03-27,17:00,13620
2017-03-27,17:15,13621
2017-03-27,17:30,13624
2017-03-27,17:45,13626
2017-03-27,18:00,13626
2017-03-27,18:15,13629
2017-03-27,18:30,13630
2017-03-27,18:45,13629
2017-03-27,19:00,13631
2017-03-27,19:15,13633
2017-03-27,19:30,13635
2017-03-27,19:45,13635
2017-03-27,20:00,13634
2017-03-27,20:15,13634
2017-03-27,20:30,13634
2017-03-27,20:45,13639
2017-03-27,21:00,13642
2017-03-27,21:15,13643
2017-03-27,21:30,13647
2017-03-27,21:45,13650
2017-03-27,22:00,13653
2017-03-27,22:15,13655
2017-03-27,22:30,13654
2017-03-27,22:45,13654
2017-03-27,23:00,13654
2017-03-27,23:15,13655
2017-03-27,23:30,13655
2017-03-27,23:45,13655
2017-03-28,00:00,13657
2017-03-28,00:15,13656
2017-03-28,00:30,13656
2017-03-28,00:45,13657
2017-03-28,01:00,13656
2017-03-28,01:15,13656
2017-03-28,01:30,13656
2017-03-28,01:45,13657
2017-03-28,02:00,13658
2017-03-28,02:15,13658
2017-03-28,02:30,13658
2017-03-28,02:45,13659
2017-03-28,03:00,13659
2017-03-28,03:15,13659
2017-03-28,03:30,13659
2017-03-28,03:45,13659
2017-03-28,04:00,13659
2017-03-28,04:15,13659
2017-03-28,04:30,13659
2017-03-28,04:45,13659
2017-03-28,05:00,13659
2017-03-28,05:15,13659
2017-03-28,05:30,13659
2017-03-28,05:45,13659
2017-03-28,06:00,13658
2017-03-28,06:15,13658
2017-03-28,06:30,13659
2017-03-28,06:45,13660
2017-03-28,07:00,13663
2017-03-28,07:15,13664
2017-03-28,07:30,13664
2017-03-28,07:45,13663
2017-03-28,08:00,13665
2017-03-28,08:15,13666
2017-03-28,08:30,13666
2017-03-28,08:45,13667
2017-03-28,09:00,13667
2017-03-28,09:15,13667
2017-03-28,09:30,13667
2017-03-28,09:45,13668
2017-03-28,10:00,13668
2017-03-28,10:15,13667
2017-03-28,10:30,13667
2017-03-28,10:45,13667
2017-03-28,11:00,13667
2017-03-28,11:15,13666
2017-03-28,11:30,13667
2017-03-28,11:45,13666
2017-03-28,12:00,13665
2017-03-28,12:15,13665
2017-03-28,12:30,13665
2017-03-28,12:45,13665
2017-03-28,13:00,13665
2017-03-28,13:15,13665
2017-03-28,13:30,13667
2017-03-28,13:45,13667
2017-03-28,14:00,13669
2017-03-28,14:15,13672
2017-03-28,14:30,13673
2017-03-28,14:45,13674
2017-03-28,15:00,13673
2017-03-28,15:15,13675
2017-03-28,15:30,13676
2017-03-28,15:45,13678
2017-03-28,16:00,13677
2017-03-28,16:15,13677
2017-03-28,16:30,13677
2017-03-28,16:45,13678
2017-03-28,17:00,13682
2017-03-28,17:15,13683
2017-03-28,17:30,13686
2017-03-28,17:45,13689
2017-03-28,18:00,13695
2017-03-28,18:15,13697
2017-03-28,18:30,13700
2017-03-28,18:45,13703
2017-03-28,19:00,13707
2017-03-28,19:15,13708
2017-03-28,19:30,13712
2017-03-28,19:45,13713
2017-03-28,20:00,13714
2017-03-28,20:15,13714
2017-03-28,20:30,13718
2017-03-28,20:45,13721
2017-03-28,21:00,13723
2017-03-28,21:15,13721
2017-03-28,21:30,13721
2017-03-28,21:45,13720
2017-03-28,22:00,13721
2017-03-28,22:15,13723
2017-03-28,22:30,13723
2017-03-28,22:45,13723
2017-03-28,23:00,13725
2017-03-28,23:15,13725
2017-03-28,23:30,13724
2017-03-28,23:45,13726
2017-03-29,00:00,13728
2017-03-29,00:15,13728
2017-03-29,00:30,13728
2017-03-29,00:45,13728
2017-03-29,01:00,13728
2017-03-29,01:15,13729
2017-03-29,01:30,13729
2017-03-29,01:45,13729
2017-03-29,02:00,13729
2017-03-29,02:15,13730
2017-03-29,02:30,13730
2017-03-29,02:45,13727
2017-03-29,03:00,13727
2017-03-29,03:15,13727
2017-03-29,03:30,13728
2017-03-29,03:45,13728
2017-03-29,04:00,13728
2017-03-29,04:15,13728
2017-03-29,04:30,13728
2017-03-29,04:45,13729
2017-03-29,05:00,13729
2017-03-29,05:15,13729
2017-03-29,05:30,13730
2017-03-29,05:45,13730
2017-03-29,06:00,13730
2017-03-29,06:15,13730
2017-03-29,06:30,13730
2017-03-29,06:45,13731
2017-03-29,07:00,13732
2017-03-29,07:15,13733
2017-03-29,07:30,13734
2017-03-29,07:45,13734
2017-03-29,08:00,13734
2017-03-29,08:15,13733
2017-03-29,08:30,13733
2017-03-29,08:45,13733
2017-03-29,09:00,13733
2017-03-29,09:15,13734
2017-03-29,09:30,13734
2017-03-29,09:45,13735
2017-03-29,10:00,13733
2017-03-29,10:15,13733
2017-03-29,10:30,13733
2017-03-29,10:45,13734
2017-03-29,11:00,13734
2017-03-29,11:15,13734
2017-03-29,11:30,13737
2017-03-29,11:45,13737
2017-03-29,12:00,13736
2017-03-29,12:15,13737
2017-03-29,12:30,13738
2017-03-29,12:45,13740
2017-03-29,13:00,13739
2017-03-29,13:15,13740
2017-03-29,13:30,13739
2017-03-29,13:45,13739
2017-03-29,14:00,13739
2017-03-29,14:15,13741
2017-03-29,14:30,13743
2017-03-29,14:45,13743
2017-03-29,15:00,13743
2017-03-29,15:15,13744
2017-03-29,15:30,13747
2017-03-29,15:45,13748
2017-03-29,16:00,13746
2017-03-29,16:15,13746
2017-03-29,16:30,13749
2017-03-29,16:45,13751
2017-03-29,17:00,13752
2017-03-29,17:15,13753
2017-03-29,17:30,13754
2017-03-29,17:45,13755
2017-03-29,18:00,13756
2017-03-29,18:15,13761
2017-03-29,18:30,13762
2017-03-29,18:45,13761
2017-03-29,19:00,13764
2017-03-29,19:15,13766
2017-03-29,19:30,13764
2017-03-29,19:45,13766
2017-03-29,20:00,13765
2017-03-29,20:15,13767
2017-03-29,20:30,13770
2017-03-29,20:45,13771
2017-03-29,21:00,13776
2017-03-29,21:15,13775
2017-03-29,21:30,13778
2017-03-29,21:45,13782
2017-03-29,22:00,13785
2017-03-29,22:15,13788
2017-03-29,22:30,13786
2017-03-29,22:45,13784
2017-03-29,23:00,13788
2017-03-29,23:15,13789
2017-03-29,23:30,13789
2017-03-29,23:45,13788
2017-03-30,00:00,13789
2017-03-30,00:15,13789
2017-03-30,00:30,13789
2017-03-30,00:45,13790
2017-03-30,01:00,13790
2017-03-30,01:15,13790
2017-03-30,01:30,13790
2017-03-30,01:45,13791
2017-03-30,02:00,13791
2017-03-30,02:15,13791
2017-03-30,02:30,13791
2017-03-30,02:45,13791
2017-03-30,03:00,13791
2017-03-30,03:15,13791
2017-03-30,03:30,13791
2017-03-30,03:45,13790
2017-03-30,04:00,13790
2017-03-30,04:15,13790
2017-03-30,04:30,13790
2017-03-30,04:45,13789
2017-03-30,05:00,13789
2017-03-30,05:15,13789
2017-03-30,05:30,13789
2017-03-30,05:45,13789
2017-03-30,06:00,13789
2017-03-30,06:15,13789
2017-03-30,06:30,13789
2017-03-30,06:45,13788
2017-03-30,07:00,13788
2017-03-30,07:15,13788
2017-03-30,07:30,13787
2017-03-30,07:45,13787
2017-03-30,08:00,13787
2017-03-30,08:15,13788
2017-03-30,08:30,13789
2017-03-30,08:45,13789
2017-03-30,09:00,13790
2017-03-30,09:15,13789
2017-03-30,09:30,13789
2017-03-30,09:45,13790
2017-03-30,10:00,13789
2017-03-30,10:15,13788
2017-03-30,10:30,13787
2017-03-30,10:45,13787
2017-03-30,11:00,13787
2017-03-30,11:15,13787
2017-03-30,11:30,13787
2017-03-30,11:45,13788
2017-03-30,12:00,13787
2017-03-30,12:15,13788
2017-03-30,12:30,13788
2017-03-30,12:45,13788
2017-03-30,13:00,13788
2017-03-30,13:15,13788
2017-03-30,13:30,13789
2017-03-30,13:45,13791
2017-03-30,14:00,13791
2017-03-30,14:15,13791
2017-03-30,14:30,13793
2017-03-30,14:45,13795
2017-03-30,15:00,13799
2017-03-30,15:15,13801
2017-03-30,15:30,13804
2017-03-30,15:45,13955
2017-03-30,16:00,14072
2017-03-30,16:15,14149
2017-03-30,16:30,14232
2017-03-30,16:45,14309
2017-03-30,17:00,14381
2017-03-30,17:15,14448
2017-03-30,17:30,14493
2017-03-30,17:45,14525
2017-03-30,18:00,14555
2017-03-30,18:15,14601
2017-03-30,18:30,14625
2017-03-30,18:45,14653
2017-03-30,19:00,14695
2017-03-30,19:15,14733
2017-03-30,19:30,14767
2017-03-30,19:45,14799
2017-03-30,20:00,14827
2017-03-30,20:15,14850
2017-03-30,20:30,14864
2017-03-30,20:45,14890
2017-03-30,21:00,14932
2017-03-30,21:15,14984
2017-03-30,21:30,15035
2017-03-30,21:45,15075
2017-03-30,22:00,15136
2017-03-30,22:15,15172
2017-03-30,22:30,15210
2017-03-30,22:45,15239
2017-03-30,23:00,15268
2017-03-30,23:15,15294
2017-03-30,23:30,15309
2017-03-30,23:45,15318
2017-03-31,00:00,15326
2017-03-31,00:15,15327
2017-03-31,00:30,15334
2017-03-31,00:45,15340
2017-03-31,01:00,15347
2017-03-31,01:15,15352
2017-03-31,01:30,15354
2017-03-31,01:45,15357
2017-03-31,02:00,15359
2017-03-31,02:15,15361
2017-03-31,02:30,15363
2017-03-31,02:45,15363
2017-03-31,03:00,15363
2017-03-31,03:15,15364
2017-03-31,03:30,15367
2017-03-31,03:45,15367
2017-03-31,04:00,15367
2017-03-31,04:15,15368
2017-03-31,04:30,15368
2017-03-31,04:45,15370
2017-03-31,05:00,15370
2017-03-31,05:15,15372
2017-03-31,05:30,15374
2017-03-31,05:45,15375
2017-03-31,06:00,15376
2017-03-31,06:15,15382
2017-03-31,06:30,15384
2017-03-31,06:45,15397
2017-03-31,07:00,15413
2017-03-31,07:15,15424
2017-03-31,07:30,15434
2017-03-31,08:00,15443
2017-03-31,08:15,15446
2017-03-31,08:30,15455
2017-03-31,08:45,15458
2017-03-31,09:00,15462
2017-03-31,09:15,15470
2017-03-31,09:30,15478
2017-03-31,09:45,15482
2017-03-31,10:00,15492
2017-03-31,10:15,15498
2017-03-31,10:30,15503
2017-03-31,10:45,15509
2017-03-31,11:00,15515
2017-03-31,11:15,15530
2017-03-31,11:30,15538
2017-03-31,11:45,15544
2017-03-31,12:00,15550
2017-03-31,12:15,15556
2017-03-31,12:30,15564
2017-03-31,12:45,15568
2017-03-31,13:00,15578
2017-03-31,13:15,15583
2017-03-31,13:30,15597
2017-03-31,13:45,15600
2017-03-31,14:00,15611
2017-03-31,14:15,15622
2017-03-31,14:30,15638
2017-03-31,14:45,15647
2017-03-31,15:00,15661
2017-03-31,15:15,15667
2017-03-31,15:30,15675
2017-03-31,15:45,15687
2017-03-31,16:00,15699
2017-03-31,16:15,15708
2017-03-31,16:30,15717
2017-03-31,16:45,15726
2017-03-31,17:00,15731
2017-03-31,17:15,15744
2017-03-31,17:30,15748
2017-03-31,17:45,15755
2017-03-31,18:00,15763
2017-03-31,18:15,15770
2017-03-31,18:30,15776
2017-03-31,18:45,15780
2017-03-31,19:00,15784
2017-03-31,19:15,15792
2017-03-31,19:30,15798
2017-03-31,19:45,15805
2017-03-31,20:00,15816
2017-03-31,20:15,15833
2017-03-31,20:30,15839
2017-03-31,20:45,15849
2017-03-31,21:00,15856
2017-03-31,21:15,15872
2017-03-31,21:30,15884
2017-03-31,21:45,15890
2017-03-31,22:00,15891
2017-03-31,22:15,15900
2017-03-31,22:30,15907
2017-03-31,22:45,15908
2017-03-31,23:00,15914
2017-03-31,23:15,15916
2017-03-31,23:30,15917
2017-03-31,23:45,15923
2017-04-01,00:00,15926
2017-04-01,00:15,15928
2017-04-01,00:30,15932
2017-04-01,00:45,15933
2017-04-01,01:00,15937
2017-04-01,01:15,15938
2017-04-01,01:30,15937
2017-04-01,01:45,15938
2017-04-01,02:00,15938
2017-04-01,02:15,15941
2017-04-01,02:30,15943
2017-04-01,02:45,15943
2017-04-01,03:00,15943
2017-04-01,03:15,15943
2017-04-01,03:30,15944
2017-04-01,03:45,15944
2017-04-01,04:00,15944
2017-04-01,04:15,15944
2017-04-01,04:30,15943
2017-04-01,04:45,15944
2017-04-01,05:00,15944
2017-04-01,05:15,15944
2017-04-01,05:30,15945
2017-04-01,05:45,15945
2017-04-01,06:00,15945
2017-04-01,06:15,15945
2017-04-01,06:30,15946
2017-04-01,06:45,15947
2017-04-01,07:00,15947
2017-04-01,07:15,15946
2017-04-01,07:30,15949
2017-04-01,07:45,15950
2017-04-01,08:00,15952
2017-04-01,08:15,15956
2017-04-01,08:30,15960
2017-04-01,08:45,15961
2017-04-01,09:00,15962
2017-04-01,09:15,15964
2017-04-01,09:30,15965
2017-04-01,09:45,15969
2017-04-01,10:00,15968
2017-04-01,10:15,15972
2017-04-01,10:30,15979
2017-04-01,10:45,15981
2017-04-01,11:00,15983
2017-04-01,11:15,15987
2017-04-01,11:30,15990
2017-04-01,11:45,15994
2017-04-01,12:00,15996
2017-04-01,12:15,15998
2017-04-01,12:30,16000
2017-04-01,12:45,16003
2017-04-01,13:00,16007
2017-04-01,13:15,16013
2017-04-01,13:30,16013
2017-04-01,13:45,16015
2017-04-01,14:00,16020
2017-04-01,14:15,16019
2017-04-01,14:30,16019
2017-04-01,14:45,16020
2017-04-01,15:00,16021
2017-04-01,15:15,16024
2017-04-01,15:30,16027
2017-04-01,15:45,16029
2017-04-01,16:00,16032
2017-04-01,16:15,16036
2017-04-01,16:30,16049
2017-04-01,16:45,16064
2017-04-01,17:00,16072
2017-04-01,17:15,16079
2017-04-01,17:30,16087
2017-04-01,17:45,16094
2017-04-01,18:00,16097
2017-04-01,18:15,16103
2017-04-01,18:30,16115
2017-04-01,18:45,16120
2017-04-01,19:00,16131
2017-04-01,19:15,16137
2017-04-01,19:30,16148
2017-04-01,19:45,16160
2017-04-01,20:00,16174
2017-04-01,20:15,16191
2017-04-01,20:30,16201
2017-04-01,20:45,16212
2017-04-01,21:00,16218
2017-04-01,21:15,16220
2017-04-01,21:30,16226
2017-04-01,21:45,16234
2017-04-01,22:00,16242
2017-04-01,22:15,16256
2017-04-01,22:30,16265
2017-04-01,22:45,16269
2017-04-01,23:00,16270
2017-04-01,23:15,16274
2017-04-01,23:30,16284
2017-04-01,23:45,16288
2017-04-02,00:00,16291
2017-04-02,00:15,16295
2017-04-02,00:30,16296
2017-04-02,00:45,16296
2017-04-02,01:00,16297
2017-04-02,01:15,16301
2017-04-02,01:30,16303
2017-04-02,01:45,16303
2017-04-02,02:00,16304
2017-04-02,02:15,16305
2017-04-02,02:30,16306
2017-04-02,02:45,16307
2017-04-02,03:00,16309
2017-04-02,03:15,16310
2017-04-02,03:30,16310
2017-04-02,03:45,16310
2017-04-02,04:00,16310
2017-04-02,04:15,16310
2017-04-02,04:30,16310
2017-04-02,04:45,16310
2017-04-02,05:00,16310
2017-04-02,05:15,16313
2017-04-02,05:30,16313
2017-04-02,05:45,16313
2017-04-02,06:00,16314
2017-04-02,06:15,16314
2017-04-02,06:30,16314
2017-04-02,06:45,16316
2017-04-02,07:00,16317
2017-04-02,07:15,16319
2017-04-02,07:30,16320
2017-04-02,07:45,16322
2017-04-02,08:00,16321
2017-04-02,08:15,16407
2017-04-02,08:30,16522
2017-04-02,08:45,16615
2017-04-02,09:00,16741
2017-04-02,09:15,16839
2017-04-02,09:30,16917
2017-04-02,09:45,17015
2017-04-02,10:00,17100
2017-04-02,10:15,17172
2017-04-02,10:30,17237
2017-04-02,10:45,17297
2017-04-02,11:00,17344
2017-04-02,11:15,17382
2017-04-02,11:30,17422
2017-04-02,11:45,17465
2017-04-02,12:00,17502
2017-04-02,12:15,17520
2017-04-02,12:30,17544
2017-04-02,12:45,17571
2017-04-02,13:00,17591
2017-04-02,13:15,17614
2017-04-02,13:30,17632
2017-04-02,13:45,17655
2017-04-02,14:00,17667
2017-04-02,14:15,17688
2017-04-02,14:30,17713
2017-04-02,14:45,17730
2017-04-02,15:00,17741
2017-04-02,15:15,17752
2017-04-02,15:30,17763
2017-04-02,15:45,17772
2017-04-02,16:00,17783
2017-04-02,16:15,17796
2017-04-02,16:30,17810
2017-04-02,16:45,17827
2017-04-02,17:00,17839
2017-04-02,17:15,17850
2017-04-02,17:30,17856
2017-04-02,17:45,17860
2017-04-02,18:00,17867
2017-04-02,18:15,17876
2017-04-02,18:30,17887
2017-04-02,18:45,17894
2017-04-02,19:00,17903
2017-04-02,19:15,17914
2017-04-02,19:30,17927
2017-04-02,19:45,17937
2017-04-02,20:00,17951
2017-04-02,20:15,17963
2017-04-02,20:30,17975
2017-04-02,20:45,17990
2017-04-02,21:00,18010
2017-04-02,21:15,18024
2017-04-02,21:30,18042
2017-04-02,21:45,18053
2017-04-02,22:00,18064
2017-04-02,22:15,18072
2017-04-02,22:30,18082
2017-04-02,22:45,18089
2017-04-02,23:00,18094
2017-04-02,23:15,18104
2017-04-02,23:30,18108
2017-04-02,23:45,18118
2017-04-03,00:00,18122
2017-04-03,00:15,18124
2017-04-03,00:30,18128
2017-04-03,00:45,18128
2017-04-03,01:00,18129
2017-04-03,01:15,18128
2017-04-03,01:30,18130
2017-04-03,01:45,18131
2017-04-03,02:00,18131
2017-04-03,02:15,18133
2017-04-03,02:30,18133
2017-04-03,02:45,18133
2017-04-03,03:00,18133
2017-04-03,03:15,18133
2017-04-03,03:30,18134
2017-04-03,03:45,18134
2017-04-03,04:00,18134
2017-04-03,04:15,18135
2017-04-03,04:30,18134
2017-04-03,04:45,18134
2017-04-03,05:00,18136
2017-04-03,05:15,18135
2017-04-03,05:30,18136
2017-04-03,05:45,18134
2017-04-03,06:00,18135
2017-04-03,06:15,18137
2017-04-03,06:30,18139
2017-04-03,06:45,18141
2017-04-03,07:00,18146
2017-04-03,07:15,18151
2017-04-03,07:30,18156
2017-04-03,07:45,18158
2017-04-03,08:00,18159
2017-04-03,08:15,18162
2017-04-03,08:30,18162
2017-04-03,08:45,18164
2017-04-03,09:00,18166
2017-04-03,09:15,18167
2017-04-03,09:30,18165
2017-04-03,09:45,18164
2017-04-03,10:00,18167
2017-04-03,10:15,18168
2017-04-03,10:30,18167
2017-04-03,10:45,18168
2017-04-03,11:00,18169
2017-04-03,11:15,18171
2017-04-03,11:30,18174
2017-04-03,11:45,18176
2017-04-03,12:00,18177
2017-04-03,12:15,18178
2017-04-03,12:30,18179
2017-04-03,12:45,18179
2017-04-03,13:00,18182
2017-04-03,13:15,18186
2017-04-03,13:30,18190
2017-04-03,13:45,18190
2017-04-03,14:00,18192
2017-04-03,14:15,18192
2017-04-03,14:30,18192
2017-04-03,14:45,18196
2017-04-03,15:00,18199
2017-04-03,15:15,18205
2017-04-03,15:30,18210
2017-04-03,15:45,18211
2017-04-03,16:00,18214
2017-04-03,16:15,18217
2017-04-03,16:30,18218
2017-04-03,16:45,18222
2017-04-03,17:00,18224
2017-04-03,17:15,18226
2017-04-03,17:30,18227
2017-04-03,17:45,18230
2017-04-03,18:00,18231
2017-04-03,18:15,18234
2017-04-03,18:30,18238
2017-04-03,18:45,18242
2017-04-03,19:00,18244
2017-04-03,19:15,18244
2017-04-03,19:30,18246
2017-04-03,19:45,18249
2017-04-03,20:00,18257
2017-04-03,20:15,18264
2017-04-03,20:30,18266
2017-04-03,20:45,18270
2017-04-03,21:00,18270
2017-04-03,21:15,18275
2017-04-03,21:30,18277
2017-04-03,21:45,18277
2017-04-03,22:00,18278
2017-04-03,22:15,18278
2017-04-03,22:30,18279
2017-04-03,22:45,18280
2017-04-03,23:00,18280
2017-04-03,23:15,18284
2017-04-03,23:30,18286
2017-04-03,23:45,18287
2017-04-04,00:00,18291
2017-04-04,00:15,18293
2017-04-04,00:30,18292
2017-04-04,00:45,18293
2017-04-04,01:00,18296
2017-04-04,01:15,18296
2017-04-04,01:30,18297
2017-04-04,01:45,18298
2017-04-04,02:00,18298
2017-04-04,02:15,18298
2017-04-04,02:30,18299
2017-04-04,02:45,18301
2017-04-04,03:00,18301
2017-04-04,03:15,18303
2017-04-04,03:30,18303
2017-04-04,03:45,18303
2017-04-04,04:00,18303
2017-04-04,04:15,18303
2017-04-04,04:30,18303
2017-04-04,04:45,18304
2017-04-04,05:00,18304
2017-04-04,05:15,18304
2017-04-04,05:30,18303
2017-04-04,05:45,18302
2017-04-04,06:00,18302
2017-04-04,06:15,18302
2017-04-04,06:30,18304
2017-04-04,06:45,18308
2017-04-04,07:00,18308
2017-04-04,07:15,18308
2017-04-04,07:30,18310
2017-04-04,07:45,18310
2017-04-04,08:00,18311
2017-04-04,08:15,18312
2017-04-04,08:30,18311
2017-04-04,08:45,18309
2017-04-04,09:00,18309
2017-04-04,09:15,18309
2017-04-04,09:30,18312
2017-04-04,09:45,18311
2017-04-04,10:00,18311
2017-04-04,10:15,18314
2017-04-04,10:30,18314
2017-04-04,10:45,18315
2017-04-04,11:00,18314
2017-04-04,11:15,18316
2017-04-04,11:30,18316
2017-04-04,11:45,18317
2017-04-04,12:00,18319
2017-04-04,12:15,18320
2017-04-04,12:30,18323
2017-04-04,12:45,18330
2017-04-04,13:00,18333
2017-04-04,13:15,18331
2017-04-04,13:30,18332
2017-04-04,13:45,18334
2017-04-04,14:00,18337
2017-04-04,14:15,18338
2017-04-04,14:30,18340
2017-04-04,14:45,18341
2017-04-04,15:00,18342
2017-04-04,15:15,18344
2017-04-04,15:30,18347
2017-04-04,15:45,18350
2017-04-04,16:00,18354
2017-04-04,16:15,18357
2017-04-04,16:30,18358
2017-04-04,16:45,18360
2017-04-04,17:00,18364
2017-04-04,17:15,18366
2017-04-04,17:30,18365
2017-04-04,17:45,18365
2017-04-04,18:00,18364
2017-04-04,18:15,18367
2017-04-04,18:30,18368
2017-04-04,18:45,18372
2017-04-04,19:00,18372
2017-04-04,19:15,18375
2017-04-04,19:30,18376
2017-04-04,19:45,18378
2017-04-04,20:00,18386
2017-04-04,20:15,18395
2017-04-04,20:30,18401
2017-04-04,20:45,18410
2017-04-04,21:00,18418
2017-04-04,21:15,18422
2017-04-04,21:30,18424
2017-04-04,21:45,18427
2017-04-04,22:00,18428
2017-04-04,22:15,18432
2017-04-04,22:30,18433
2017-04-04,22:45,18436
2017-04-04,23:00,18440
2017-04-04,23:15,18442
2017-04-04,23:30,18444
2017-04-04,23:45,18443
2017-04-05,00:00,18444
2017-04-05,00:15,18444
2017-04-05,00:30,18440
2017-04-05,00:45,18440
2017-04-05,01:00,18439
2017-04-05,01:15,18440
2017-04-05,01:30,18440
2017-04-05,01:45,18441
2017-04-05,02:00,18441
2017-04-05,02:15,18440
2017-04-05,02:30,18440
2017-04-05,02:45,18442
2017-04-05,03:00,18442
2017-04-05,03:15,18442
2017-04-05,03:30,18442
2017-04-05,03:45,18442
2017-04-05,04:00,18441
2017-04-05,04:15,18441
2017-04-05,04:30,18441
2017-04-05,04:45,18441
2017-04-05,05:00,18441
2017-04-05,05:15,18441
2017-04-05,05:30,18441
2017-04-05,05:45,18440
2017-04-05,06:00,18439
2017-04-05,06:15,18439
2017-04-05,06:30,18439
2017-04-05,06:45,18440
2017-04-05,07:00,18442
2017-04-05,07:15,18442
2017-04-05,07:30,18443
2017-04-05,07:45,18443
2017-04-05,08:00,18444
2017-04-05,08:15,18444
2017-04-05,08:30,18444
2017-04-05,08:45,18444
2017-04-05,09:00,18444
2017-04-05,09:15,18444
2017-04-05,09:30,18444
2017-04-05,09:45,18445
2017-04-05,10:00,18445
2017-04-05,10:15,18445
2017-04-05,10:30,18445
2017-04-05,10:45,18446
2017-04-05,11:00,18445
2017-04-05,11:15,18448
2017-04-05,11:30,18447
2017-04-05,11:45,18447
2017-04-05,12:00,18447
2017-04-05,12:15,18448
2017-04-05,12:30,18447
2017-04-05,12:45,18447
2017-04-05,13:00,18449
2017-04-05,13:15,18450
2017-04-05,13:30,18450
2017-04-05,13:45,18453
2017-04-05,14:00,18454
2017-04-05,14:15,18455
2017-04-05,14:30,18461
2017-04-05,14:45,18465
2017-04-05,15:00,18464
2017-04-05,15:15,18465
2017-04-05,15:30,18465
2017-04-05,15:45,18468
2017-04-05,16:00,18470
2017-04-05,16:15,18471
2017-04-05,16:30,18474
2017-04-05,16:45,18475
2017-04-05,17:00,18474
2017-04-05,17:15,18477
2017-04-05,17:30,18481
2017-04-05,17:45,18482
2017-04-05,18:00,18486
2017-04-05,18:15,18489
2017-04-05,18:30,18489
2017-04-05,18:45,18494
2017-04-05,19:00,18496
2017-04-05,19:15,18499
2017-04-05,19:30,18496
2017-04-05,19:45,18495
2017-04-05,20:00,18498
2017-04-05,20:15,18499
2017-04-05,20:30,18506
2017-04-05,20:45,18511
2017-04-05,21:00,18514
2017-04-05,21:15,18516
2017-04-05,21:30,18517
2017-04-05,21:45,18519
2017-04-05,22:00,18521
2017-04-05,22:15,18525
2017-04-05,22:30,18527
2017-04-05,22:45,18527
2017-04-05,23:00,18529
2017-04-05,23:15,18532
2017-04-05,23:30,18534
2017-04-05,23:45,18536
2017-04-06,00:00,18537
2017-04-06,00:15,18538
2017-04-06,00:30,18537
2017-04-06,00:45,18537
2017-04-06,01:00,18537
2017-04-06,01:15,18538
2017-04-06,01:30,18538
2017-04-06,01:45,18538
2017-04-06,02:00,18538
2017-04-06,02:15,18541
2017-04-06,02:30,18540
2017-04-06,02:45,18540
2017-04-06,03:00,18541
2017-04-06,03:15,18541
2017-04-06,03:30,18541
2017-04-06,03:45,18541
2017-04-06,04:00,18542
2017-04-06,04:15,18542
2017-04-06,04:30,18542
2017-04-06,04:45,18542
2017-04-06,05:00,18543
2017-04-06,05:15,18543
2017-04-06,05:30,18543
2017-04-06,05:45,18543
2017-04-06,06:00,18543
2017-04-06,06:15,18543
2017-04-06,06:30,18545
2017-04-06,06:45,18547
2017-04-06,07:00,18549
2017-04-06,07:15,18548
2017-04-06,07:30,18548
2017-04-06,07:45,18549
2017-04-06,08:00,18549
2017-04-06,08:15,18549
2017-04-06,08:30,18549
2017-04-06,08:45,18549
2017-04-06,09:00,18551
2017-04-06,09:15,18551
2017-04-06,09:30,18552
2017-04-06,09:45,18551
2017-04-06,10:00,18553
2017-04-06,10:15,18551
2017-04-06,10:30,18554
2017-04-06,10:45,18554
2017-04-06,11:00,18555
2017-04-06,11:15,18555
2017-04-06,11:30,18555
2017-04-06,11:45,18554
2017-04-06,12:00,18555
2017-04-06,12:15,18555
2017-04-06,12:30,18558
2017-04-06,12:45,18559
2017-04-06,13:00,18560
2017-04-06,13:15,18559
2017-04-06,13:30,18560
2017-04-06,13:45,18561
2017-04-06,14:00,18561
2017-04-06,14:15,18561
2017-04-06,14:30,18562
2017-04-06,14:45,18560
2017-04-06,15:00,18561
2017-04-06,15:15,18559
2017-04-06,15:30,18560
2017-04-06,15:45,18563
2017-04-06,16:00,18565
2017-04-06,16:15,18564
2017-04-06,16:30,18566
2017-04-06,16:45,18569
2017-04-06,17:00,18570
2017-04-06,17:15,18575
2017-04-06,17:30,18575
2017-04-06,17:45,18575
2017-04-06,18:00,18576
2017-04-06,18:15,18578
2017-04-06,18:30,18577
2017-04-06,18:45,18578
2017-04-06,19:00,18580
2017-04-06,19:15,18581
2017-04-06,19:30,18580
2017-04-06,19:45,18584
2017-04-06,20:00,18584
2017-04-06,20:15,18585
2017-04-06,20:30,18586
2017-04-06,20:45,18594
2017-04-06,21:00,18599
2017-04-06,21:15,18603
2017-04-06,21:30,18607
2017-04-06,21:45,18610
2017-04-06,22:00,18628
2017-04-06,22:15,18657
2017-04-06,22:30,18676
2017-04-06,22:45,18725
2017-04-06,23:00,18748
2017-04-06,23:15,18758
2017-04-06,23:30,18769
2017-04-06,23:45,18771
2017-04-07,00:00,18774
2017-04-07,00:15,18777
2017-04-07,00:30,18779
2017-04-07,00:45,18782
2017-04-07,01:00,18785
2017-04-07,01:15,18787
2017-04-07,01:30,18787
2017-04-07,01:45,18788
2017-04-07,02:00,18788
2017-04-07,02:15,18788
2017-04-07,02:30,18787
2017-04-07,02:45,18787
2017-04-07,03:00,18789
2017-04-07,03:15,18789
2017-04-07,03:30,18789
2017-04-07,03:45,18789
2017-04-07,04:00,18789
2017-04-07,04:15,18789
2017-04-07,04:30,18789
2017-04-07,04:45,18789
2017-04-07,05:00,18791
2017-04-07,05:15,18791
2017-04-07,05:30,18791
2017-04-07,05:45,18792
2017-04-07,06:00,18792
2017-04-07,06:15,18795
2017-04-07,06:30,18798
2017-04-07,06:45,18799
2017-04-07,07:00,18799
2017-04-07,07:15,18799
2017-04-07,07:30,18799
2017-04-07,07:45,18799
2017-04-07,08:00,18800
2017-04-07,08:15,18800
2017-04-07,08:30,18801
2017-04-07,08:45,18801
2017-04-07,09:00,18803
2017-04-07,09:15,18803
2017-04-07,09:30,18806
2017-04-07,09:45,18807
2017-04-07,10:00,18809
2017-04-07,10:15,18811
2017-04-07,10:30,18810
2017-04-07,10:45,18811
2017-04-07,11:00,18812
2017-04-07,11:15,18814
2017-04-07,11:30,18816
2017-04-07,11:45,18818
2017-04-07,12:00,18822
2017-04-07,12:15,18826
2017-04-07,12:30,18828
2017-04-07,12:45,18827
2017-04-07,13:00,18830
2017-04-07,13:15,18831
2017-04-07,13:30,18834
2017-04-07,13:45,18835
2017-04-07,14:00,18839
2017-04-07,14:15,18844
2017-04-07,14:30,18846
2017-04-07,14:45,18853
2017-04-07,15:00,18855
2017-04-07,15:15,18859
2017-04-07,15:30,18862
2017-04-07,15:45,18866
2017-04-07,16:00,18868
2017-04-07,16:15,18871
2017-04-07,16:30,18876
2017-04-07,16:45,18881
2017-04-07,17:00,18887
2017-04-07,17:15,18887
2017-04-07,17:30,18892
2017-04-07,17:45,18897
2017-04-07,18:00,18898
2017-04-07,18:15,18900
2017-04-07,18:30,18901
2017-04-07,18:45,18906
2017-04-07,19:00,18913
2017-04-07,19:15,18921
2017-04-07,19:30,18922
2017-04-07,19:45,18927
2017-04-07,20:00,18926
2017-04-07,20:15,18927
2017-04-07,20:30,18927
2017-04-07,20:45,18934
2017-04-07,21:00,18939
2017-04-07,21:30,18946
2017-04-07,21:45,18954
2017-04-07,22:00,18959
2017-04-07,22:15,18959
2017-04-07,22:30,18961
2017-04-07,22:45,18960
2017-04-07,23:00,18961
2017-04-07,23:15,18965
2017-04-07,23:30,18966
2017-04-07,23:45,18969
2017-04-08,00:00,18969
2017-04-08,00:15,18970
2017-04-08,00:30,18973
2017-04-08,00:45,18976
2017-04-08,01:00,18977
2017-04-08,01:15,18975
2017-04-08,01:30,18976
2017-04-08,01:45,18978
2017-04-08,02:00,18979
2017-04-08,02:15,18980
2017-04-08,02:30,18981
2017-04-08,02:45,18981
2017-04-08,03:00,18981
2017-04-08,03:15,18981
2017-04-08,03:30,18981
2017-04-08,03:45,18981
2017-04-08,04:00,18981
2017-04-08,04:15,18980
2017-04-08,04:30,18979
2017-04-08,04:45,18979
2017-04-08,05:00,18979
2017-04-08,05:15,18979
2017-04-08,05:30,18979
2017-04-08,05:45,18978
2017-04-08,06:00,18978
2017-04-08,06:15,18978
2017-04-08,06:30,18978
2017-04-08,06:45,18979
2017-04-08,07:00,18979
2017-04-08,07:15,18979
2017-04-08,07:30,18981
2017-04-08,07:45,18983
2017-04-08,08:00,18986
2017-04-08,08:15,18986
2017-04-08,08:30,18987
2017-04-08,08:45,18989
2017-04-08,09:00,18990
2017-04-08,09:15,18987
2017-04-08,09:30,18990
2017-04-08,09:45,18990
2017-04-08,10:00,18993
2017-04-08,10:15,18996
2017-04-08,10:30,18997
2017-04-08,10:45,18995
2017-04-08,11:00,18996
2017-04-08,11:15,18999
2017-04-08,11:30,19003
2017-04-08,11:45,19005
2017-04-08,12:00,19006
2017-04-08,12:15,19009
2017-04-08,12:30,19011
2017-04-08,12:45,19012
2017-04-08,13:00,19015
2017-04-08,13:15,19017
2017-04-08,13:30,19021
2017-04-08,13:45,19022
2017-04-08,14:00,19022
2017-04-08,14:15,19025
2017-04-08,14:30,19025
2017-04-08,14:45,19026
2017-04-08,15:00,19027
2017-04-08,15:15,19028
2017-04-08,15:30,19029
2017-04-08,15:45,19032
2017-04-08,16:00,19032
2017-04-08,16:15,19033
2017-04-08,16:30,19036
2017-04-08,16:45,19037
2017-04-08,17:00,19037
2017-04-08,17:15,19038
2017-04-08,17:30,19040
2017-04-08,17:45,19039
2017-04-08,18:00,19041
2017-04-08,18:15,19042
2017-04-08,18:30,19044
2017-04-08,18:45,19046
2017-04-08,19:00,19045
2017-04-08,19:15,19047
2017-04-08,19:30,19050
2017-04-08,19:45,19052
2017-04-08,20:00,19055
2017-04-08,20:15,19056
2017-04-08,20:30,19059
2017-04-08,20:45,19064
2017-04-08,21:00,19065
2017-04-08,21:15,19068
2017-04-08,21:30,19071
2017-04-08,21:45,19073
2017-04-08,22:00,19076
2017-04-08,22:15,19078
2017-04-08,22:30,19079
2017-04-08,22:45,19082
2017-04-08,23:00,19084
2017-04-08,23:15,19087
2017-04-08,23:30,19087
2017-04-08,23:45,19089
2017-04-09,00:00,19089
2017-04-09,00:15,19089
2017-04-09,00:30,19089
2017-04-09,00:45,19088
2017-04-09,01:00,19089
2017-04-09,01:15,19089
2017-04-09,01:30,19090
2017-04-09,01:45,19091
2017-04-09,02:00,19092
2017-04-09,02:15,19092
2017-04-09,02:30,19092
2017-04-09,02:45,19092
2017-04-09,03:00,19092
2017-04-09,03:15,19092
2017-04-09,03:30,19092
2017-04-09,03:45,19092
2017-04-09,04:00,19093
2017-04-09,04:15,19092
2017-04-09,04:30,19092
2017-04-09,04:45,19092
2017-04-09,05:00,19093
2017-04-09,05:15,19092
2017-04-09,05:30,19092
2017-04-09,05:45,19092
2017-04-09,06:00,19093
2017-04-09,06:15,19093
2017-04-09,06:30,19094
2017-04-09,06:45,19094
2017-04-09,07:00,19094
2017-04-09,07:15,19094
2017-04-09,07:30,19094
2017-04-09,07:45,19094
2017-04-09,08:00,19097
2017-04-09,08:15,19097
2017-04-09,08:30,19098
2017-04-09,08:45,19099
2017-04-09,09:00,19100
2017-04-09,09:15,19100
2017-04-09,09:30,19101
2017-04-09,09:45,19103
2017-04-09,10:00,19104
2017-04-09,10:15,19104
2017-04-09,10:30,19107
2017-04-09,10:45,19109
2017-04-09,11:00,19108
2017-04-09,11:15,19107
2017-04-09,11:30,19106
2017-04-09,11:45,19104
2017-04-09,12:00,19104
2017-04-09,12:15,19110
2017-04-09,12:30,19113
2017-04-09,12:45,19124
2017-04-09,13:00,19130
2017-04-09,13:15,19139
2017-04-09,13:45,19148
2017-04-09,14:00,19149
2017-04-09,14:15,19152
2017-04-09,14:30,19151
2017-04-09,14:45,19153
2017-04-09,15:00,19154
2017-04-09,15:15,19156
2017-04-09,15:30,19161
2017-04-09,15:45,19161
2017-04-09,16:00,19161
2017-04-09,16:15,19162
2017-04-09,16:30,19162
2017-04-09,16:45,19165
2017-04-09,17:00,19169
2017-04-09,17:15,19172
2017-04-09,17:30,19178
2017-04-09,17:45,19177
2017-04-09,18:00,19178
2017-04-09,18:15,19185
2017-04-09,18:30,19193
2017-04-09,18:45,19198
2017-04-09,19:00,19194
2017-04-09,19:15,19199
2017-04-09,19:30,19200
2017-04-09,19:45,19201
2017-04-09,20:00,19203
2017-04-09,20:15,19201
2017-04-09,20:30,19200
2017-04-09,21:00,19201
2017-04-09,21:15,19205
2017-04-09,21:30,19210
2017-04-09,21:45,19209
2017-04-09,22:00,19208
2017-04-09,22:15,19287
2017-04-09,22:30,19360
2017-04-09,22:45,19399
2017-04-09,23:00,19428
2017-04-09,23:15,19454
2017-04-09,23:30,19468
2017-04-09,23:45,19481
2017-04-10,00:00,19487
2017-04-10,00:15,19488
2017-04-10,00:30,19499
2017-04-10,00:45,19502
2017-04-10,01:00,19507
2017-04-10,01:15,19514
2017-04-10,01:30,19516
2017-04-10,01:45,19518
2017-04-10,02:00,19520
2017-04-10,02:15,19522
2017-04-10,02:30,19522
2017-04-10,02:45,19522
2017-04-10,03:00,19522
2017-04-10,03:15,19523
2017-04-10,03:30,19524
2017-04-10,03:45,19524
2017-04-10,04:00,19526
2017-04-10,04:15,19526
2017-04-10,04:30,19528
2017-04-10,04:45,19529
2017-04-10,05:00,19531
2017-04-10,05:15,19532
2017-04-10,05:30,19533
2017-04-10,05:45,19534
2017-04-10,06:00,19534
2017-04-10,06:15,19535
2017-04-10,06:30,19536
2017-04-10,06:45,19540
2017-04-10,07:00,19546
2017-04-10,07:15,19546
2017-04-10,07:30,19555
2017-04-10,07:45,19565
2017-04-10,08:00,19575
2017-04-10,08:15,19583
2017-04-10,08:30,19594
2017-04-10,08:45,19599
2017-04-10,09:00,19607
2017-04-10,09:15,19616
2017-04-10,09:30,19626
2017-04-10,09:45,19646
2017-04-10,10:00,19653
2017-04-10,10:15,19663
2017-04-10,10:30,19676
2017-04-10,10:45,19686
2017-04-10,11:00,19695
2017-04-10,11:15,19702
2017-04-10,11:30,19710
2017-04-10,11:45,19710
2017-04-10,12:00,19715
2017-04-10,12:15,19722
2017-04-10,12:30,19724
2017-04-10,12:45,19727
2017-04-10,13:00,19732
2017-04-10,13:15,19735
2017-04-10,13:30,19741
2017-04-10,13:45,19744
2017-04-10,14:00,19750
2017-04-10,14:15,19751
2017-04-10,14:30,19754
2017-04-10,14:45,19762
2017-04-10,15:00,19770
2017-04-10,15:15,19778
2017-04-10,15:30,19783
2017-04-10,15:45,19784
2017-04-10,16:00,19782
2017-04-10,16:15,19789
2017-04-10,16:30,19789
2017-04-10,16:45,19795
2017-04-10,17:00,19794
2017-04-10,17:15,19798
2017-04-10,17:30,19801
2017-04-10,17:45,19806
2017-04-10,18:00,19808
2017-04-10,18:15,19809
2017-04-10,18:30,19813
2017-04-10,18:45,19817
2017-04-10,19:00,19817
2017-04-10,19:15,19822
2017-04-10,19:30,19824
2017-04-10,19:45,19826
2017-04-10,20:00,19830
2017-04-10,20:15,19839
2017-04-10,20:30,19841
2017-04-10,20:45,19851
2017-04-10,21:00,19854
2017-04-10,21:15,19856
2017-04-10,21:30,19860
2017-04-10,21:45,19865
2017-04-10,22:00,19871
2017-04-10,22:15,19874
2017-04-10,22:30,19879
2017-04-10,22:45,19882
2017-04-10,23:00,19882
2017-04-10,23:15,19884
2017-04-10,23:30,19885
2017-04-10,23:45,19886
2017-04-11,00:00,19890
2017-04-11,00:15,19892
2017-04-11,00:30,19891
2017-04-11,00:45,19891
2017-04-11,01:00,19894
2017-04-11,01:15,19895
2017-04-11,01:30,19894
2017-04-11,01:45,19894
2017-04-11,02:00,19894
2017-04-11,02:15,19895
2017-04-11,02:30,19895
2017-04-11,02:45,19895
2017-04-11,03:00,19896
2017-04-11,03:15,19896
2017-04-11,03:30,19895
2017-04-11,03:45,19895
2017-04-11,04:00,19895
2017-04-11,04:15,19895
2017-04-11,04:30,19895
2017-04-11,04:45,19895
2017-04-11,05:00,19895
2017-04-11,05:15,19895
2017-04-11,05:30,19894
2017-04-11,05:45,19885
2017-04-11,06:00,19883
2017-04-11,06:15,19883
2017-04-11,06:30,19884
2017-04-11,06:45,19885
2017-04-11,07:00,19885
2017-04-11,07:15,19885
2017-04-11,07:30,19888
2017-04-11,07:45,19888
2017-04-11,08:00,19888
2017-04-11,08:15,19892
2017-04-11,08:30,19893
2017-04-11,08:45,19895
2017-04-11,09:00,19898
2017-04-11,09:15,19897
2017-04-11,09:30,19897
2017-04-11,09:45,19896
2017-04-11,10:00,19897
2017-04-11,10:15,19895
2017-04-11,10:30,19897
2017-04-11,10:45,19895
2017-04-11,11:00,19894
2017-04-11,11:15,19894
2017-04-11,11:30,19895
2017-04-11,11:45,19895
2017-04-11,12:00,19896
2017-04-11,12:15,19896
2017-04-11,12:30,19895
2017-04-11,12:45,19896
2017-04-11,13:00,19895
2017-04-11,13:15,19898
2017-04-11,13:30,19897
2017-04-11,13:45,19899
2017-04-11,14:00,19899
2017-04-11,14:15,19903
2017-04-11,14:30,19906
2017-04-11,14:45,19909
2017-04-11,15:00,19911
2017-04-11,15:15,19911
2017-04-11,15:30,19912
2017-04-11,15:45,19911
2017-04-11,16:00,19915
2017-04-11,16:15,19917
2017-04-11,16:30,19921
2017-04-11,16:45,19922
2017-04-11,17:30,19937
2017-04-11,17:45,19943
2017-04-11,19:00,19959
2017-04-11,19:15,19957
2017-04-11,19:30,19960
2017-04-11,19:45,19963
2017-04-11,20:00,19966
2017-04-11,20:15,19967
2017-04-11,20:30,19966
2017-04-11,20:45,19966
2017-04-11,21:00,19969
2017-04-11,21:15,19968
2017-04-11,21:30,19970
2017-04-11,21:45,19973
2017-04-11,22:00,19974
2017-04-11,22:15,19974
2017-04-11,22:30,19974
2017-04-11,22:45,19977
2017-04-11,23:00,19978
2017-04-11,23:15,19980
2017-04-11,23:30,19980
2017-04-11,23:45,19980
2017-04-12,00:00,19981
2017-04-12,00:15,19981
2017-04-12,00:30,19981
2017-04-12,00:45,19982
2017-04-12,01:00,19983
2017-04-12,01:15,19984
2017-04-12,01:30,19985
2017-04-12,01:45,19986
2017-04-12,02:00,19986
2017-04-12,02:15,19986
2017-04-12,02:30,19986
2017-04-12,02:45,19987
2017-04-12,03:00,19987
2017-04-12,03:15,19987
2017-04-12,03:30,19987
2017-04-12,03:45,19987
2017-04-12,04:00,19986
2017-04-12,04:15,19985
2017-04-12,04:30,19985
2017-04-12,04:45,19985
2017-04-12,05:00,19985
2017-04-12,05:15,19985
2017-04-12,05:30,19985
2017-04-12,05:45,19977
2017-04-12,06:00,19978
2017-04-12,06:15,19978
2017-04-12,06:30,19979
2017-04-12,07:15,19982
2017-04-12,07:30,19982
2017-04-12,07:45,19983
2017-04-12,08:00,19986
2017-04-12,08:15,19985
2017-04-12,08:30,19986
2017-04-12,08:45,19986
2017-04-12,09:00,19986
2017-04-12,09:15,19986
2017-04-12,09:30,19987
2017-04-12,09:45,19982
2017-04-12,10:00,19986
2017-04-12,10:15,19986
2017-04-12,10:30,19986
2017-04-12,10:45,19986
2017-04-12,11:00,19985
2017-04-12,11:15,19986
2017-04-12,11:30,19987
2017-04-12,11:45,19987
2017-04-12,12:00,19987
2017-04-12,12:15,19990
2017-04-12,12:30,19989
2017-04-12,12:45,19990
2017-04-12,13:00,19992
2017-04-12,13:15,19993
2017-04-12,13:30,19994
2017-04-12,13:45,19999
2017-04-12,14:00,20001
2017-04-12,14:15,20004
2017-04-12,14:30,20004
2017-04-12,14:45,20004
2017-04-12,15:00,20005
2017-04-12,15:15,20005
2017-04-12,15:30,20005
2017-04-12,15:45,20005
2017-04-12,16:00,20008
2017-04-12,16:15,20009
2017-04-12,16:30,20010
2017-04-12,16:45,20010
2017-04-12,17:00,20013
2017-04-12,17:15,20013
2017-04-12,17:30,20018
2017-04-12,17:45,20022
2017-04-12,18:00,20021
2017-04-12,18:15,20024
2017-04-12,18:30,20025
2017-04-12,18:45,20026
2017-04-12,19:00,20028
2017-04-12,19:15,20027
2017-04-12,19:30,20028
2017-04-12,19:45,20026
2017-04-12,20:00,20028
2017-04-12,20:15,20024
2017-04-12,20:30,20025
2017-04-12,20:45,20027
2017-04-12,21:00,20031
2017-04-12,21:15,20033
2017-04-12,21:30,20036
